sighting_ID,date,real_time,datetime,lat,long
1,2023-09-28,07:19:53,2023-09-28 07:19:53,-17.918673236257447,146.20197130136606
2,2023-09-28,07:29:07,2023-09-28 07:29:07,-17.837567668782683,146.09291351145998
3,2023-09-28,07:30:06,2023-09-28 07:30:06,-17.83444757362797,146.13623514282668
4,2023-09-28,07:46:02,2023-09-28 07:46:02,-17.759520866270176,146.3881062798205
5,2023-09-28,08:18:25,2023-09-28 08:18:25,-17.665386279896826,146.34463100032997
6,2023-09-28,08:25:03,2023-09-28 08:25:03,-17.576740868295648,146.46150906015038
7,2023-09-28,08:30:13,2023-09-28 08:30:13,-17.58735819277517,146.31615068446246
8,2023-09-28,08:54:10,2023-09-28 08:54:10,-17.416662994099603,146.25729107330213
9,2023-09-28,09:00:08,2023-09-28 09:00:08,-17.413360942758,146.11093725047135
10,2023-09-28,10:56:53,2023-09-28 10:56:53,-17.333569991688492,145.99246700402333
11,2023-09-28,10:57:00,2023-09-28 10:57:00,-17.32475919924044,146.02720810554396
12,2023-09-28,11:00:06,2023-09-28 11:00:06,-17.33596168648819,146.11917099508707
13,2023-09-28,11:08:20,2023-09-28 11:08:20,-17.247480923383154,146.1716821622519
14,2023-09-28,11:08:52,2023-09-28 11:08:52,-17.259039829414615,146.14137615518817
15,2023-09-28,11:41:01,2023-09-28 11:41:01,-17.004430175806046,145.94683072858294
16,2023-09-28,12:19:35,2023-09-28 12:19:35,-16.760265522652112,145.93864142618338
17,2023-09-28,12:27:59,2023-09-28 12:27:59,-16.755667269865693,145.68284391661584
18,2023-09-29,07:11:34,2023-09-29 07:11:34,-16.493472095853924,145.61632209743075
19,2023-09-29,07:22:03,2023-09-29 07:22:03,-16.426995605579897,145.4143776033441
20,2023-09-29,07:34:04,2023-09-29 07:34:04,-16.41762179295643,145.71815210069744
21,2023-09-29,07:36:15,2023-09-29 07:36:15,-16.421034163514708,145.77622476783046
22,2023-09-29,07:39:31,2023-09-29 07:39:31,-16.382467562466996,145.79450500012993
23,2023-09-29,08:06:11,2023-09-29 08:06:11,-16.33462676664147,145.7041720669246
24,2023-09-29,08:09:31,2023-09-29 08:09:31,-16.340146988352284,145.7932552502401
25,2023-09-29,08:14:54,2023-09-29 08:14:54,-16.301825871194435,145.81600974745055
26,2023-09-29,08:16:45,2023-09-29 08:16:45,-16.29126603240225,145.78283362382996
27,2023-09-29,08:32:15,2023-09-29 08:32:15,-16.24979404543158,145.52514632044773
28,2023-09-29,08:35:21,2023-09-29 08:35:21,-16.26161778957165,145.61576596611712
29,2023-09-30,07:18:58,2023-09-30 07:18:58,-16.207942208172238,145.68633799337638
30,2023-09-30,07:27:35,2023-09-30 07:27:35,-16.16261412283678,145.74493488595024
31,2023-09-30,07:46:05,2023-09-30 07:46:05,-16.119376609748116,145.6069346443904
32,2023-09-30,07:48:57,2023-09-30 07:48:57,-16.121228804909197,145.66625946991212
33,2023-09-30,07:50:16,2023-09-30 07:50:16,-16.11547309671587,145.70061324752965
34,2023-09-30,07:54:24,2023-09-30 07:54:24,-16.074664550977772,145.74666376907186
35,2023-09-30,08:10:06,2023-09-30 08:10:06,-16.04926044473696,145.58458500981956
36,2023-09-30,08:19:30,2023-09-30 08:19:30,-15.999650502694937,145.64810680838866
37,2023-09-30,08:42:13,2023-09-30 08:42:13,-15.918934148349189,145.62991746330863
38,2023-09-30,08:44:37,2023-09-30 08:44:37,-15.91792348354685,145.5718380448468
39,2023-09-30,08:50:00,2023-09-30 08:50:00,-15.911667390454534,145.39990188543686
40,2023-09-30,08:50:37,2023-09-30 08:50:37,-15.912115674948856,145.41020302223245
41,2023-09-30,08:51:36,2023-09-30 08:51:36,-15.9231054247825,145.37124961970574
42,2023-09-30,08:54:50,2023-09-30 08:54:50,-15.870553531266095,145.36799311500138
43,2023-09-30,09:03:29,2023-09-30 09:03:29,-15.875591486449043,145.61210458054495
44,2023-09-30,09:03:50,2023-09-30 09:03:50,-15.866223965806817,145.6085062894913
45,2023-09-30,09:08:33,2023-09-30 09:08:33,-15.826176254543446,145.62130185880406
46,2023-09-30,09:26:13,2023-09-30 09:26:13,-15.78961750463541,145.540351569079
47,2023-09-30,09:37:28,2023-09-30 09:37:28,-15.743754654647828,145.43054557623572
48,2023-10-01,07:07:55,2023-10-01 07:07:55,-15.713229706264459,145.3725206734736
49,2023-10-01,07:08:37,2023-10-01 07:08:37,-15.713103578916362,145.38767526539735
50,2023-10-01,07:13:42,2023-10-01 07:13:42,-15.71216964933409,145.52787656480044
51,2023-10-01,07:14:15,2023-10-01 07:14:15,-15.698530993322779,145.50876199075836
52,2023-10-01,07:14:25,2023-10-01 07:14:25,-15.714279632872138,145.5367461619454
53,2023-10-01,07:14:34,2023-10-01 07:14:34,-15.707897177167391,145.52243682063516
54,2023-10-01,07:19:49,2023-10-01 07:19:49,-15.66338217336138,145.60240983406464
55,2023-10-01,07:37:03,2023-10-01 07:37:03,-15.621164128988623,145.4923852295288
56,2023-10-01,07:37:16,2023-10-01 07:37:16,-15.621448571113634,145.48661125150062
57,2023-10-01,07:38:05,2023-10-01 07:38:05,-15.623611989300754,145.52786867150743
58,2023-10-01,07:54:56,2023-10-01 07:54:56,-15.551851646286057,145.30626268503093
59,2023-10-01,08:04:01,2023-10-01 08:04:01,-15.490699756765068,145.47975918324025
60,2023-10-01,08:10:06,2023-10-01 08:10:06,-15.496221585324855,145.29770895710385
61,2023-10-01,08:19:00,2023-10-01 08:19:00,-15.485956624813996,145.37374789471883
62,2023-10-01,08:19:23,2023-10-01 08:19:23,-15.490296441731378,145.35888572603415
63,2023-10-01,08:22:07,2023-10-01 08:22:07,-15.47308301350239,145.28383697536796
64,2023-10-01,08:28:52,2023-10-01 08:28:52,-15.465163275899576,145.4052606737344
65,2023-10-01,08:34:36,2023-10-01 08:34:36,-15.42618059622894,145.46352205869238
66,2023-10-01,08:46:17,2023-10-01 08:46:17,-15.434213534374338,145.30444797200073
67,2023-10-01,08:47:06,2023-10-01 08:47:06,-15.430685228414347,145.33902882241225
68,2023-10-01,08:53:21,2023-10-01 08:53:21,-15.39141998721664,145.25007200853406
69,2023-10-01,09:05:09,2023-10-01 09:05:09,-15.33267816574321,145.49372171713446
70,2023-10-01,09:35:20,2023-10-01 09:35:20,-15.205983837544215,145.24369077968893
71,2023-10-01,09:57:35,2023-10-01 09:57:35,-15.130741152291286,145.22811140901663
72,2023-10-01,09:58:16,2023-10-01 09:58:16,-15.124984735092879,145.25018999799826
73,2023-10-01,10:11:43,2023-10-01 10:11:43,-15.090267387944497,145.39829980738523
74,2023-10-01,10:13:03,2023-10-01 10:13:03,-15.078819847419991,145.38163485611838
75,2023-10-01,10:50:00,2023-10-01 10:50:00,-15.144035600101107,145.26439680421993
76,2023-10-07,06:26:37,2023-10-07 06:26:37,-14.948528977775679,145.3653870591411
77,2023-10-07,06:31:34,2023-10-07 06:31:34,-14.964751098055167,145.46835264752505
78,2023-10-07,06:40:58,2023-10-07 06:40:58,-14.913599984060898,145.26628243873446
79,2023-10-07,06:44:44,2023-10-07 06:44:44,-14.876402848041437,145.2365388627236
80,2023-10-07,06:44:56,2023-10-07 06:44:56,-14.869048970426064,145.23311723044964
81,2023-10-07,06:55:16,2023-10-07 06:55:16,-14.825141265018962,145.39313068030498
82,2023-10-07,06:59:42,2023-10-07 06:59:42,-14.839610370961765,145.23773775733218
83,2023-10-07,07:00:59,2023-10-07 07:00:59,-14.83366400423999,145.22391832762438
84,2023-10-07,07:01:01,2023-10-07 07:01:01,-14.83469887150991,145.23098427227995
85,2023-10-07,07:01:16,2023-10-07 07:01:16,-14.838298629652206,145.1983720587269
86,2023-10-07,07:02:53,2023-10-07 07:02:53,-14.836769518916755,145.167606410679
87,2023-10-07,07:03:36,2023-10-07 07:03:36,-14.833343452523915,145.130716346626
88,2023-10-07,07:09:44,2023-10-07 07:09:44,-14.784389166503173,145.02756340169435
89,2023-10-07,07:10:17,2023-10-07 07:10:17,-14.786404944908025,145.0499264415916
90,2023-10-07,07:11:19,2023-10-07 07:11:19,-14.799295217973274,145.0609961892257
91,2023-10-07,07:11:24,2023-10-07 07:11:24,-14.786280807415787,145.0586750003132
92,2023-10-07,07:11:33,2023-10-07 07:11:33,-14.790685674398494,145.08289827116002
93,2023-10-07,07:11:41,2023-10-07 07:11:41,-14.790722560258901,145.0606733503489
94,2023-10-07,07:11:47,2023-10-07 07:11:47,-14.786392140317426,145.0888461191372
95,2023-10-07,07:11:56,2023-10-07 07:11:56,-14.795106915921762,145.09139200266245
96,2023-10-07,07:11:58,2023-10-07 07:11:58,-14.79453877855986,145.09274249728614
97,2023-10-07,07:13:35,2023-10-07 07:13:35,-14.787442280886589,145.12303557302923
98,2023-10-07,07:13:57,2023-10-07 07:13:57,-14.791297973261695,145.1308695319346
99,2023-10-07,07:15:46,2023-10-07 07:15:46,-14.795743484827746,145.16962215034545
100,2023-10-07,07:18:15,2023-10-07 07:18:15,-14.79131385822176,145.21423381909403
101,2023-10-07,07:26:07,2023-10-07 07:26:07,-14.742442762766007,145.38585772071244
102,2023-10-07,07:26:23,2023-10-07 07:26:23,-14.746446101263787,145.3803650060907
103,2023-10-07,07:27:42,2023-10-07 07:27:42,-14.74285817759584,145.3501832854375
104,2023-10-07,07:27:58,2023-10-07 07:27:58,-14.759286702683923,145.31369663200942
105,2023-10-07,07:28:44,2023-10-07 07:28:44,-14.753185179558628,145.28795099768908
106,2023-10-07,07:35:46,2023-10-07 07:35:46,-14.753733985258537,145.1084449226743
107,2023-10-07,07:37:41,2023-10-07 07:37:41,-14.746325815408305,145.0414103182375
108,2023-10-07,07:38:25,2023-10-07 07:38:25,-14.754503999246344,145.02571730233922
109,2023-10-07,07:43:18,2023-10-07 07:43:18,-14.777680722036523,145.0158858480941
110,2023-10-07,07:44:19,2023-10-07 07:44:19,-14.778796548792588,145.03475492234145
111,2023-10-07,07:45:01,2023-10-07 07:45:01,-14.780038237910501,145.08362685914787
112,2023-10-07,07:45:01,2023-10-07 07:45:01,-14.765739640815704,145.08377406249556
113,2023-10-07,07:46:17,2023-10-07 07:46:17,-14.779983962824932,145.0860655155654
114,2023-10-07,07:47:09,2023-10-07 07:47:09,-14.78143225130947,145.12044183117663
115,2023-10-07,07:47:16,2023-10-07 07:47:16,-14.769836951980526,145.11105060099555
116,2023-10-07,07:55:10,2023-10-07 07:55:10,-14.720634711296851,145.08635589490368
117,2023-10-07,07:57:55,2023-10-07 07:57:55,-14.73711901643845,145.0129755821702
118,2023-10-07,07:58:24,2023-10-07 07:58:24,-14.735111688816467,145.0033053570145
119,2023-10-07,07:59:14,2023-10-07 07:59:14,-14.722130167330302,144.9952650497529
120,2023-10-07,07:59:48,2023-10-07 07:59:48,-14.734337283224017,144.9507033402433
121,2023-10-07,07:59:58,2023-10-07 07:59:58,-14.725910530905885,144.95613762525952
122,2023-10-07,08:02:39,2023-10-07 08:02:39,-14.711062005576657,144.98713970637456
123,2023-10-07,08:03:00,2023-10-07 08:03:00,-14.700804942700398,144.98099659458947
124,2023-10-07,08:04:31,2023-10-07 08:04:31,-14.703794481828135,145.00758763480675
125,2023-10-07,08:05:50,2023-10-07 08:05:50,-14.718315109062612,145.04722137306064
126,2023-10-07,08:09:01,2023-10-07 08:09:01,-14.718148374164157,145.14217878790708
127,2023-10-07,08:09:21,2023-10-07 08:09:21,-14.70105720919252,145.15733749736927
128,2023-10-07,08:15:49,2023-10-07 08:15:49,-14.705803218726576,145.3181222127562
129,2023-10-07,08:17:04,2023-10-07 08:17:04,-14.716774293647743,145.361101854215
130,2023-10-07,08:17:23,2023-10-07 08:17:23,-14.716565019839855,145.36843931177955
131,2023-10-07,08:23:28,2023-10-07 08:23:28,-14.669160498036911,145.26639445645617
132,2023-10-07,08:23:47,2023-10-07 08:23:47,-14.67514818456061,145.2683752835872
133,2023-10-07,08:24:01,2023-10-07 08:24:01,-14.673945593291052,145.26796944732033
134,2023-10-07,08:27:07,2023-10-07 08:27:07,-14.668434998778237,145.1881767700433
135,2023-10-07,08:29:28,2023-10-07 08:29:28,-14.666127194509173,145.0996694367421
136,2023-10-07,08:36:24,2023-10-07 08:36:24,-14.680633809863993,144.94344577040138
137,2023-10-07,08:37:41,2023-10-07 08:37:41,-14.685014617382,144.97436074874508
138,2023-10-07,08:37:55,2023-10-07 08:37:55,-14.693419453869259,145.00373946339943
139,2023-10-07,08:40:46,2023-10-07 08:40:46,-14.683524753691822,145.04309870140108
140,2023-10-07,08:48:00,2023-10-07 08:48:00,-14.649893403541604,145.10302688375515
141,2023-10-07,08:49:37,2023-10-07 08:49:37,-14.65079534134343,145.06950691713675
142,2023-10-07,08:53:08,2023-10-07 08:53:08,-14.650168094760897,144.9512230270394
143,2023-10-07,09:24:00,2023-10-07 09:24:00,-14.706960024415974,144.92017037689826
144,2023-10-07,13:10:10,2023-10-07 13:10:10,-14.63088706525326,144.91605707110145
145,2023-10-07,13:10:23,2023-10-07 13:10:23,-14.625775839859141,144.95056781329367
146,2023-10-07,13:10:24,2023-10-07 13:10:24,-14.627841080882478,144.95079075166322
147,2023-10-07,13:11:41,2023-10-07 13:11:41,-14.620728088090821,144.95555838214744
148,2023-10-07,13:18:23,2023-10-07 13:18:23,-14.632341707687399,145.1460195391059
149,2023-10-07,13:22:47,2023-10-07 13:22:47,-14.617847355159777,145.2685025713987
150,2023-10-07,13:22:53,2023-10-07 13:22:53,-14.635278634037135,145.25674411272726
151,2023-10-07,13:24:34,2023-10-07 13:24:34,-14.631681597007447,145.29161068723477
152,2023-10-07,13:27:43,2023-10-07 13:27:43,-14.62290293828301,145.3839854259379
153,2023-10-07,13:29:59,2023-10-07 13:29:59,-14.585034797238844,145.31329360877922
154,2023-10-07,13:32:07,2023-10-07 13:32:07,-14.593851760899748,145.27486575758186
155,2023-10-07,13:32:24,2023-10-07 13:32:24,-14.59173283058889,145.273250556138
156,2023-10-07,13:40:12,2023-10-07 13:40:12,-14.592357204045669,145.00377215210406
157,2023-10-07,13:46:27,2023-10-07 13:46:27,-14.578353225715519,144.81558239213868
158,2023-10-07,13:51:26,2023-10-07 13:51:26,-14.607154487518308,144.82536883632827
159,2023-10-07,13:51:30,2023-10-07 13:51:30,-14.603891487653197,144.82698567888494
160,2023-10-07,13:51:51,2023-10-07 13:51:51,-14.605213330418497,144.83016852130282
161,2023-10-07,13:53:06,2023-10-07 13:53:06,-14.606311281359881,144.88369475538042
162,2023-10-07,13:53:08,2023-10-07 13:53:08,-14.61291114394252,144.86618186075512
163,2023-10-07,13:53:16,2023-10-07 13:53:16,-14.604718571999506,144.87093437279964
164,2023-10-07,13:53:26,2023-10-07 13:53:26,-14.598838454261838,144.89272869696043
165,2023-10-07,13:53:34,2023-10-07 13:53:34,-14.598641755101067,144.87505710927118
166,2023-10-07,13:54:58,2023-10-07 13:54:58,-14.602372130839354,144.93963708691595
167,2023-10-07,13:55:05,2023-10-07 13:55:05,-14.597076533345266,144.9218603844153
168,2023-10-07,13:55:17,2023-10-07 13:55:17,-14.605765969780727,144.94336313253402
169,2023-10-07,13:55:47,2023-10-07 13:55:47,-14.597827329755177,144.9560346271185
170,2023-10-07,13:56:09,2023-10-07 13:56:09,-14.609047604504074,144.95234832932738
171,2023-10-07,14:03:06,2023-10-07 14:03:06,-14.56779255009008,144.93195777237605
172,2023-10-07,14:04:34,2023-10-07 14:04:34,-14.565852581801357,144.88539010857545
173,2023-10-07,14:04:44,2023-10-07 14:04:44,-14.556524647312555,144.8623873234042
174,2023-10-07,14:05:46,2023-10-07 14:05:46,-14.565086013605383,144.8215440735702
175,2023-10-07,14:06:03,2023-10-07 14:06:03,-14.573080332066388,144.82903403418953
176,2023-10-07,14:06:51,2023-10-07 14:06:51,-14.573659974817351,144.80637222650049
177,2023-10-07,14:08:13,2023-10-07 14:08:13,-14.571855150495587,144.76857740683272
178,2023-10-07,14:08:14,2023-10-07 14:08:14,-14.553778081730169,144.75074957377302
179,2023-10-07,14:13:54,2023-10-07 14:13:54,-14.538349462188046,144.69570528529087
180,2023-10-07,14:18:09,2023-10-07 14:18:09,-14.53572155558407,144.82217161095323
181,2023-10-07,14:20:18,2023-10-07 14:20:18,-14.534489046345376,144.87864216078253
182,2023-10-07,14:32:03,2023-10-07 14:32:03,-14.542219188807698,145.15913136418416
183,2023-10-07,14:37:34,2023-10-07 14:37:34,-14.546598318061418,145.29277562952186
184,2023-10-07,14:41:58,2023-10-07 14:41:58,-14.500123904280526,145.27965864009923
185,2023-10-07,14:44:25,2023-10-07 14:44:25,-14.494254295431013,145.20150440817778
186,2023-10-07,14:46:53,2023-10-07 14:46:53,-14.508711591062486,145.14622513836622
187,2023-10-07,14:54:16,2023-10-07 14:54:16,-14.501572264218964,144.90949083146458
188,2023-10-07,15:02:27,2023-10-07 15:02:27,-14.502879490547494,144.62198010831662
189,2023-10-07,15:04:13,2023-10-07 15:04:13,-14.516727378995911,144.69350202477963
190,2023-10-07,15:10:40,2023-10-07 15:10:40,-14.526253529915207,144.8425319845241
191,2023-10-08,05:29:53,2023-10-08 05:29:53,-14.777100164176591,145.00658338177135
192,2023-10-08,06:04:08,2023-10-08 06:04:08,-14.490395598797953,144.780873081098
193,2023-10-08,06:08:25,2023-10-08 06:08:25,-14.48300554164159,144.6357487159238
194,2023-10-08,06:08:47,2023-10-08 06:08:47,-14.479577515633565,144.64224606454337
195,2023-10-08,06:08:56,2023-10-08 06:08:56,-14.478299916647531,144.64120929102054
196,2023-10-08,06:09:02,2023-10-08 06:09:02,-14.480865261796591,144.60798556942675
197,2023-10-08,06:11:36,2023-10-08 06:11:36,-14.461902786280842,144.61623726547833
198,2023-10-08,06:22:53,2023-10-08 06:22:53,-14.462434482443188,144.9194254131808
199,2023-10-08,06:23:00,2023-10-08 06:23:00,-14.452335832237614,144.94557557633095
200,2023-10-08,06:23:28,2023-10-08 06:23:28,-14.455538679450354,144.9368155191494
201,2023-10-08,06:23:29,2023-10-08 06:23:29,-14.459464893097527,144.9430813837474
202,2023-10-08,06:24:54,2023-10-08 06:24:54,-14.467313479002064,144.98550441088963
203,2023-10-08,06:25:36,2023-10-08 06:25:36,-14.466951189197859,145.00767656797714
204,2023-10-08,06:26:12,2023-10-08 06:26:12,-14.455964461295512,145.04225022749606
205,2023-10-08,06:26:28,2023-10-08 06:26:28,-14.46682632442217,145.0174015500233
206,2023-10-08,06:39:23,2023-10-08 06:39:23,-14.412541231341194,145.28643280580886
207,2023-10-08,06:43:20,2023-10-08 06:43:20,-14.415418423916657,145.1687278501684
208,2023-10-08,06:47:28,2023-10-08 06:47:28,-14.40815516075263,145.04040485945936
209,2023-10-08,06:49:15,2023-10-08 06:49:15,-14.409158845530905,144.97825000030372
210,2023-10-08,06:49:22,2023-10-08 06:49:22,-14.412136038307734,144.99875777666531
211,2023-10-08,06:49:40,2023-10-08 06:49:40,-14.422166771458576,144.96561381795345
212,2023-10-08,06:49:58,2023-10-08 06:49:58,-14.422966723871104,144.9875476004176
213,2023-10-08,06:50:27,2023-10-08 06:50:27,-14.413879602087995,144.96281610622563
214,2023-10-08,06:51:09,2023-10-08 06:51:09,-14.424440350293423,144.94086755195121
215,2023-10-08,06:51:24,2023-10-08 06:51:24,-14.416307369839966,144.91227607275385
216,2023-10-08,07:01:20,2023-10-08 07:01:20,-14.412253001131493,144.64696092089997
217,2023-10-08,07:01:50,2023-10-08 07:01:50,-14.418899909707564,144.6261168987433
218,2023-10-08,07:03:17,2023-10-08 07:03:17,-14.428875715822342,144.6422522463737
219,2023-10-08,07:03:20,2023-10-08 07:03:20,-14.43271956581406,144.6121369929111
220,2023-10-08,07:03:24,2023-10-08 07:03:24,-14.438485719088094,144.63540047618264
221,2023-10-08,07:03:52,2023-10-08 07:03:52,-14.439800473461867,144.64823333657543
222,2023-10-08,07:04:04,2023-10-08 07:04:04,-14.438619908235232,144.6421102959954
223,2023-10-08,07:04:38,2023-10-08 07:04:38,-14.433198186091632,144.65493666076108
224,2023-10-08,07:09:45,2023-10-08 07:09:45,-14.432149440994243,144.7987330947371
225,2023-10-08,07:10:22,2023-10-08 07:10:22,-14.443393828038692,144.81856736627472
226,2023-10-08,07:13:08,2023-10-08 07:13:08,-14.385589208038988,144.83882317053795
227,2023-10-08,07:13:21,2023-10-08 07:13:21,-14.403313198819973,144.8382991390225
228,2023-10-08,07:20:09,2023-10-08 07:20:09,-14.397827776756737,144.62957617461458
229,2023-10-08,07:25:36,2023-10-08 07:25:36,-14.382857573017086,144.76737769020357
230,2023-10-08,07:25:36,2023-10-08 07:25:36,-14.37256229533222,144.73150270025548
231,2023-10-08,07:25:50,2023-10-08 07:25:50,-14.376322912039939,144.73838110970766
232,2023-10-08,07:26:05,2023-10-08 07:26:05,-14.373934407298892,144.76322331691787
233,2023-10-08,07:29:17,2023-10-08 07:29:17,-14.382400371263776,144.86163716609175
234,2023-10-08,07:32:19,2023-10-08 07:32:19,-14.381698275681067,144.94465407541577
235,2023-10-08,07:33:25,2023-10-08 07:33:25,-14.369553195088653,144.9703212626368
236,2023-10-08,07:33:50,2023-10-08 07:33:50,-14.367880194673406,144.97420281282504
237,2023-10-08,07:33:56,2023-10-08 07:33:56,-14.376054657664044,144.97795297778393
238,2023-10-08,07:34:34,2023-10-08 07:34:34,-14.378630818133036,144.97928247705295
239,2023-10-08,07:35:04,2023-10-08 07:35:04,-14.36798118935466,145.0238760361813
240,2023-10-08,07:38:11,2023-10-08 07:38:11,-14.36717292475875,145.0684610198184
241,2023-10-08,07:47:51,2023-10-08 07:47:51,-14.34209273832884,145.1250410154364
242,2023-10-08,07:49:19,2023-10-08 07:49:19,-14.325182141795477,145.08993516575106
243,2023-10-08,07:49:36,2023-10-08 07:49:36,-14.332359202734471,145.05942463191758
244,2023-10-08,07:51:41,2023-10-08 07:51:41,-14.335975420304056,144.98915013432824
245,2023-10-08,07:51:58,2023-10-08 07:51:58,-14.344178038521065,144.98876703689504
246,2023-10-08,07:52:21,2023-10-08 07:52:21,-14.344414200520667,144.97378666209192
247,2023-10-08,07:54:43,2023-10-08 07:54:43,-14.334229747153415,144.89733538555305
248,2023-10-08,07:56:48,2023-10-08 07:56:48,-14.328247777117422,144.86917251747792
249,2023-10-08,07:59:28,2023-10-08 07:59:28,-14.32493497972562,144.79041619615973
250,2023-10-08,08:00:48,2023-10-08 08:00:48,-14.329688772768865,144.73743077307708
251,2023-10-08,08:03:48,2023-10-08 08:03:48,-14.32843585054907,144.64854812748038
252,2023-10-08,08:05:48,2023-10-08 08:05:48,-14.341626572992794,144.57109270382261
253,2023-10-08,08:06:00,2023-10-08 08:06:00,-14.341720106857027,144.58242534328008
254,2023-10-08,08:07:55,2023-10-08 08:07:55,-14.3609926240777,144.6085804716609
255,2023-10-08,08:08:46,2023-10-08 08:08:46,-14.34881208527904,144.63900091796683
256,2023-10-08,08:09:00,2023-10-08 08:09:00,-14.358411566810918,144.62778413164463
257,2023-10-08,08:09:33,2023-10-08 08:09:33,-14.358545006215957,144.63722980842172
258,2023-10-08,08:12:29,2023-10-08 08:12:29,-14.34542907860615,144.7242040492944
259,2023-10-08,08:12:47,2023-10-08 08:12:47,-14.354443165285456,144.7258335600306
260,2023-10-08,08:13:25,2023-10-08 08:13:25,-14.360382095012593,144.7634362051539
261,2023-10-08,08:13:42,2023-10-08 08:13:42,-14.355842059871343,144.78206538395844
262,2023-10-08,08:13:49,2023-10-08 08:13:49,-14.362121628152401,144.75872426593997
263,2023-10-08,08:14:56,2023-10-08 08:14:56,-14.355572739015127,144.79282541738613
264,2023-10-08,08:19:14,2023-10-08 08:19:14,-14.303383490877746,144.80407938176668
265,2023-10-08,08:19:44,2023-10-08 08:19:44,-14.315319617113742,144.7673898594125
266,2023-10-08,08:20:16,2023-10-08 08:20:16,-14.31990239398754,144.763241395776
267,2023-10-08,08:21:11,2023-10-08 08:21:11,-14.309033237093965,144.74969291013124
268,2023-10-08,08:22:54,2023-10-08 08:22:54,-14.30864877394815,144.6875318439337
269,2023-10-08,08:24:19,2023-10-08 08:24:19,-14.31475458397251,144.64636881103849
270,2023-10-08,08:25:52,2023-10-08 08:25:52,-14.308043912635153,144.59235778394716
271,2023-10-08,08:25:53,2023-10-08 08:25:53,-14.31694758811393,144.58356335280132
272,2023-10-08,08:26:18,2023-10-08 08:26:18,-14.308477386830205,144.59730347909246
273,2023-10-08,08:33:09,2023-10-08 08:33:09,-14.268475297364136,144.72962096863927
274,2023-10-08,08:33:11,2023-10-08 08:33:11,-14.266637845168171,144.70661935270786
275,2023-10-08,08:33:56,2023-10-08 08:33:56,-14.260291490422231,144.7178616712544
276,2023-10-08,11:07:38,2023-10-08 11:07:38,-14.28274881657845,145.0611100840163
277,2023-10-08,11:15:27,2023-10-08 11:15:27,-14.2944435990237,144.79417694767884
278,2023-10-08,11:18:14,2023-10-08 11:18:14,-14.284119492809364,144.74615203632726
279,2023-10-08,11:21:43,2023-10-08 11:21:43,-14.28061845797185,144.62540660157435
280,2023-10-08,11:22:54,2023-10-08 11:22:54,-14.295669283562788,144.59681649432306
281,2023-10-08,11:31:43,2023-10-08 11:31:43,-14.254650896000463,144.71565941511415
282,2023-10-08,11:32:33,2023-10-08 11:32:33,-14.255843470343805,144.71009166414248
283,2023-10-08,11:33:07,2023-10-08 11:33:07,-14.250730638961253,144.71948164999645
284,2023-10-08,11:33:35,2023-10-08 11:33:35,-14.245486264327146,144.76002311699045
285,2023-10-08,11:33:44,2023-10-08 11:33:44,-14.243304189758796,144.73394170439454
286,2023-10-08,11:33:56,2023-10-08 11:33:56,-14.243263154157345,144.76361209260946
287,2023-10-08,11:36:04,2023-10-08 11:36:04,-14.248890148418003,144.78728758187427
288,2023-10-08,11:40:26,2023-10-08 11:40:26,-14.251973976316943,144.92441788216348
289,2023-10-08,11:41:08,2023-10-08 11:41:08,-14.242342693509503,144.94161419794696
290,2023-10-08,11:51:06,2023-10-08 11:51:06,-14.21603940412202,144.78841466405305
291,2023-10-08,11:51:09,2023-10-08 11:51:09,-14.208091602560502,144.80009690466557
292,2023-10-08,11:53:16,2023-10-08 11:53:16,-14.212687526318323,144.71603971780624
293,2023-10-08,11:53:38,2023-10-08 11:53:38,-14.216673783172332,144.72881319500394
294,2023-10-08,11:54:34,2023-10-08 11:54:34,-14.215895256461481,144.6864593043744
295,2023-10-08,11:55:59,2023-10-08 11:55:59,-14.206729329505963,144.63491496114784
296,2023-10-08,11:58:01,2023-10-08 11:58:01,-14.212147213130116,144.57072502971613
297,2023-10-08,11:58:51,2023-10-08 11:58:51,-14.206389373805983,144.5596861676118
298,2023-10-08,12:02:02,2023-10-08 12:02:02,-14.228872777527556,144.5762536045627
299,2023-10-08,12:05:12,2023-10-08 12:05:12,-14.235531890471464,144.67152642826306
300,2023-10-08,12:15:20,2023-10-08 12:15:20,-14.179791127701842,144.67345614399395
301,2023-10-08,12:19:12,2023-10-08 12:19:12,-14.180030663080533,144.52145596906666
302,2023-10-08,12:24:49,2023-10-08 12:24:49,-14.169337939190116,144.52156487997146
303,2023-10-08,12:25:01,2023-10-08 12:25:01,-14.159371100384043,144.53452576081884
304,2023-10-08,12:29:48,2023-10-08 12:29:48,-14.169764068325456,144.65597745834773
305,2023-10-08,12:31:21,2023-10-08 12:31:21,-14.166589859173484,144.7147448210902
306,2023-10-08,12:32:26,2023-10-08 12:32:26,-14.162162054118204,144.7335314540161
307,2023-10-08,12:34:36,2023-10-08 12:34:36,-14.16300927061186,144.80615618072065
308,2023-10-09,05:32:44,2023-10-09 05:32:44,-15.385361973996918,145.19226108216932
309,2023-10-09,06:27:02,2023-10-09 06:27:02,-14.129858567247416,144.50649954637342
310,2023-10-09,06:27:24,2023-10-09 06:27:24,-14.118890298086383,144.51163035331135
311,2023-10-09,06:29:48,2023-10-09 06:29:48,-14.123009634653624,144.4375797803223
312,2023-10-09,06:33:38,2023-10-09 06:33:38,-14.126415926981014,144.31938529828372
313,2023-10-09,06:51:11,2023-10-09 06:51:11,-14.130008164914152,143.8511788696277
314,2023-10-09,07:17:38,2023-10-09 07:17:38,-14.072832458356714,144.18654088560734
315,2023-10-09,07:21:49,2023-10-09 07:21:49,-14.076273991983806,144.23057235715638
316,2023-10-09,07:22:24,2023-10-09 07:22:24,-14.086970400795348,144.22260120837876
317,2023-10-09,07:27:22,2023-10-09 07:27:22,-14.081707092835114,144.38738622434022
318,2023-10-09,07:35:08,2023-10-09 07:35:08,-14.088613582924813,144.56919651090337
319,2023-10-09,07:49:34,2023-10-09 07:49:34,-14.047191161170986,144.6098336982642
320,2023-10-09,07:51:42,2023-10-09 07:51:42,-14.045521242485135,144.5395485595882
321,2023-10-09,07:54:43,2023-10-09 07:54:43,-14.038934587532871,144.43954517921566
322,2023-10-09,08:10:55,2023-10-09 08:10:55,-14.03534285218316,144.06019802806847
323,2023-10-09,08:11:14,2023-10-09 08:11:14,-14.040796329382195,144.03406705701735
324,2023-10-09,08:12:18,2023-10-09 08:12:18,-14.035367812043393,144.02380954010164
325,2023-10-09,08:12:25,2023-10-09 08:12:25,-14.036630885496017,144.0158922760192
326,2023-10-09,08:15:41,2023-10-09 08:15:41,-14.039257465877185,143.92178892781533
327,2023-10-09,08:22:58,2023-10-09 08:22:58,-14.047339900390101,143.699438871977
328,2023-10-09,09:33:23,2023-10-09 09:33:23,-13.750169968396067,143.1203188380499
329,2023-10-09,09:54:30,2023-10-09 09:54:30,-13.999971706915469,143.6646610427778
330,2023-10-09,09:54:40,2023-10-09 09:54:40,-13.999779230653276,143.64902827328345
331,2023-10-09,10:06:44,2023-10-09 10:06:44,-13.993448795310721,143.95946047982912
332,2023-10-09,10:06:48,2023-10-09 10:06:48,-14.006571305695838,143.96426572228512
333,2023-10-09,10:10:35,2023-10-09 10:10:35,-13.989941269672157,144.07686429547292
334,2023-10-09,10:10:57,2023-10-09 10:10:57,-13.999541955042638,144.09163435177086
335,2023-10-09,10:13:14,2023-10-09 10:13:14,-14.00676751812628,144.15881799108067
336,2023-10-09,10:13:18,2023-10-09 10:13:18,-13.998699291187004,144.14394920684262
337,2023-10-09,10:13:35,2023-10-09 10:13:35,-13.996806908361457,144.15916527074265
338,2023-10-09,10:16:48,2023-10-09 10:16:48,-14.003137668795874,144.16460493602446
339,2023-10-09,10:18:53,2023-10-09 10:18:53,-13.997211727168859,144.24465319612196
340,2023-10-09,10:35:21,2023-10-09 10:35:21,-14.000784731275031,144.66754443170402
341,2023-10-09,10:48:18,2023-10-09 10:48:18,-13.962667792043629,144.38015673310235
342,2023-10-09,10:53:50,2023-10-09 10:53:50,-13.96839004384557,144.20078999676056
343,2023-10-09,10:54:03,2023-10-09 10:54:03,-13.959632942701058,144.21012355988105
344,2023-10-09,10:54:50,2023-10-09 10:54:50,-13.952122345969187,144.1868853791316
345,2023-10-09,10:54:57,2023-10-09 10:54:57,-13.968364736488633,144.19979323332484
346,2023-10-09,10:55:00,2023-10-09 10:55:00,-13.959860534642527,144.18026760828045
347,2023-10-09,10:55:32,2023-10-09 10:55:32,-13.954046105817621,144.14864381816224
348,2023-10-09,10:55:47,2023-10-09 10:55:47,-13.958984740161494,144.17311349409212
349,2023-10-09,10:56:36,2023-10-09 10:56:36,-13.954333034964158,144.11836873203197
350,2023-10-09,10:58:04,2023-10-09 10:58:04,-13.952229391495434,144.08006550418355
351,2023-10-09,10:59:29,2023-10-09 10:59:29,-13.960049094508209,144.0313434761961
352,2023-10-09,11:02:33,2023-10-09 11:02:33,-13.960645378915833,143.96622265283722
353,2023-10-09,11:12:28,2023-10-09 11:12:28,-13.951707945709284,143.65330247159866
354,2023-10-09,11:12:34,2023-10-09 11:12:34,-13.952881902026403,143.64252652957512
355,2023-10-09,11:16:54,2023-10-09 11:16:54,-13.903916741803062,143.60758843180378
356,2023-10-09,11:17:07,2023-10-09 11:17:07,-13.914523200797712,143.62853071946478
357,2023-10-09,11:25:48,2023-10-09 11:25:48,-13.909643305561737,143.8510551993348
358,2023-10-09,11:26:41,2023-10-09 11:26:41,-13.909593521793113,143.87729109672355
359,2023-10-09,11:27:08,2023-10-09 11:27:08,-13.912917682197227,143.88244103156802
360,2023-10-09,11:27:29,2023-10-09 11:27:29,-13.923236638464147,143.88413329210402
361,2023-10-09,11:29:50,2023-10-09 11:29:50,-13.923157083247204,143.9546124667638
362,2023-10-09,11:30:23,2023-10-09 11:30:23,-13.925223024573976,143.96092799679363
363,2023-10-09,11:34:00,2023-10-09 11:34:00,-13.923221989973255,144.0791995870624
364,2023-10-09,11:34:05,2023-10-09 11:34:05,-13.917157154978334,144.08953516461105
365,2023-10-09,11:35:48,2023-10-09 11:35:48,-13.914450097138007,144.1447858961913
366,2023-10-09,11:37:01,2023-10-09 11:37:01,-13.923016426700226,144.17713575518138
367,2023-10-09,11:40:16,2023-10-09 11:40:16,-13.914236429180123,144.2615864140162
368,2023-10-09,11:42:24,2023-10-09 11:42:24,-13.908103913067865,144.28200059691497
369,2023-10-09,11:50:34,2023-10-09 11:50:34,-13.865719653405787,144.27061833873836
370,2023-10-09,11:56:48,2023-10-09 11:56:48,-13.874702513942413,144.0949446407149
371,2023-10-09,11:57:11,2023-10-09 11:57:11,-13.883606355100579,144.06372136848557
372,2023-10-09,11:59:26,2023-10-09 11:59:26,-13.885380217519948,144.02944860550855
373,2023-10-09,12:00:27,2023-10-09 12:00:27,-13.882511822820867,143.9942151955326
374,2023-10-09,12:01:29,2023-10-09 12:01:29,-13.883624814852192,143.96072171911007
375,2023-10-09,12:02:08,2023-10-09 12:02:08,-13.880334917648524,143.92277404976505
376,2023-10-09,12:04:29,2023-10-09 12:04:29,-13.8815389631035,143.87722146423485
377,2023-10-09,12:07:18,2023-10-09 12:07:18,-13.886835150655271,143.7952284177135
378,2023-10-09,12:17:02,2023-10-09 12:17:02,-13.840480593068417,143.58426686528293
379,2023-10-09,12:17:21,2023-10-09 12:17:21,-13.836078645746364,143.57915720678355
380,2023-10-09,12:24:20,2023-10-09 12:24:20,-13.828118173434405,143.79842280471564
381,2023-10-09,12:24:48,2023-10-09 12:24:48,-13.835710145089399,143.80470849032852
382,2023-10-09,12:26:06,2023-10-09 12:26:06,-13.825105575311236,143.8322640108191
383,2023-10-09,12:29:47,2023-10-09 12:29:47,-13.841590225054887,143.93979610645795
384,2023-10-09,12:31:24,2023-10-09 12:31:24,-13.829652231955414,143.954284827299
385,2023-10-09,12:32:31,2023-10-09 12:32:31,-13.841310400548071,143.99954663623922
386,2023-10-09,12:33:56,2023-10-09 12:33:56,-13.835992899114189,144.03710047795852
387,2023-10-09,12:34:58,2023-10-09 12:34:58,-13.836281444257633,144.05249519460097
388,2023-10-09,12:35:31,2023-10-09 12:35:31,-13.835971545793328,144.07845310225196
389,2023-10-09,12:43:19,2023-10-09 12:43:19,-13.789716135162383,144.0738624738475
390,2023-10-09,12:43:47,2023-10-09 12:43:47,-13.803404353331768,144.07655713194868
391,2023-10-09,12:44:49,2023-10-09 12:44:49,-13.789948644897043,144.05108519829497
392,2023-10-09,12:45:23,2023-10-09 12:45:23,-13.795635216523866,143.9989794013553
393,2023-10-09,12:50:38,2023-10-09 12:50:38,-13.797680315420894,143.845618120716
394,2023-10-09,12:52:42,2023-10-09 12:52:42,-13.787248844158592,143.77862652413216
395,2023-10-09,13:00:11,2023-10-09 13:00:11,-13.787985099135685,143.56113137025065
396,2023-10-10,06:29:20,2023-10-10 06:29:20,-14.23845103135847,143.70669035226672
397,2023-10-10,06:30:07,2023-10-10 06:30:07,-14.248945414253253,143.73631497810024
398,2023-10-10,06:34:26,2023-10-10 06:34:26,-14.255174217723058,143.85155894279214
399,2023-10-10,06:35:05,2023-10-10 06:35:05,-14.253292740040845,143.88825318157066
400,2023-10-10,06:38:34,2023-10-10 06:38:34,-14.247614938736543,143.9554509533062
401,2023-10-10,06:50:23,2023-10-10 06:50:23,-14.245057713140627,144.2682138621889
402,2023-10-10,06:54:58,2023-10-10 06:54:58,-14.243023606245833,144.3987886348183
403,2023-10-10,06:56:35,2023-10-10 06:56:35,-14.245837282626963,144.44595371904384
404,2023-10-10,06:56:42,2023-10-10 06:56:42,-14.25356143144824,144.440410799421
405,2023-10-10,06:56:45,2023-10-10 06:56:45,-14.245228913076556,144.46345288017903
406,2023-10-10,07:01:00,2023-10-10 07:01:00,-14.28193484933249,144.33760311429296
407,2023-10-10,07:02:31,2023-10-10 07:02:31,-14.293977742600305,144.3136133331942
408,2023-10-10,07:02:58,2023-10-10 07:02:58,-14.298692473965783,144.27881663450998
409,2023-10-10,07:18:45,2023-10-10 07:18:45,-14.290920160120029,143.80074376560532
410,2023-10-10,07:32:52,2023-10-10 07:32:52,-14.341988988338466,143.9689748321816
411,2023-10-10,07:36:01,2023-10-10 07:36:01,-14.332516153255098,144.06028482391667
412,2023-10-10,07:39:53,2023-10-10 07:39:53,-14.335043987868278,144.1698856627197
413,2023-10-10,07:52:56,2023-10-10 07:52:56,-14.3739811873988,143.8918868696994
414,2023-10-10,08:09:34,2023-10-10 08:09:34,-14.424654803988556,144.02902117332027
415,2023-10-10,08:12:32,2023-10-10 08:12:32,-14.408573274610985,144.10611418756164
416,2023-10-10,11:21:35,2023-10-10 11:21:35,-14.20672410397285,144.31324733992386
417,2023-10-10,11:22:44,2023-10-10 11:22:44,-14.205935067920304,144.26047144693183
418,2023-10-10,11:26:46,2023-10-10 11:26:46,-14.212694097455957,144.15182728938962
419,2023-10-10,11:38:26,2023-10-10 11:38:26,-14.209978184202345,143.80719745124702
420,2023-10-10,11:45:04,2023-10-10 11:45:04,-14.173674370072346,143.71195234392633
421,2023-10-10,11:48:39,2023-10-10 11:48:39,-14.172684494490984,143.80148061173628
422,2023-10-10,11:50:42,2023-10-10 11:50:42,-14.163221469165366,143.86116426219039
423,2023-10-10,11:53:47,2023-10-10 11:53:47,-14.155011324128843,143.95588977137254
424,2023-10-10,11:55:12,2023-10-10 11:55:12,-14.168867996549817,144.01045160895256
425,2023-10-10,11:55:14,2023-10-10 11:55:14,-14.162756398713,143.9920550778578
426,2023-10-10,11:57:15,2023-10-10 11:57:15,-14.158059313003967,144.05256410526286
427,2023-10-10,12:06:14,2023-10-10 12:06:14,-14.172038146942171,144.33752193039982
428,2023-10-10,12:07:28,2023-10-10 12:07:28,-14.1604327357536,144.35141228117794
429,2023-10-10,12:08:56,2023-10-10 12:08:56,-14.168044918714136,144.42096581780416
430,2023-10-10,12:11:41,2023-10-10 12:11:41,-14.171754111836854,144.4917834716511
431,2023-10-10,12:11:55,2023-10-10 12:11:55,-14.16087278680671,144.50333660462823
432,2023-10-10,12:37:22,2023-10-10 12:37:22,-13.754409776419154,144.00005842567708
433,2023-10-10,12:40:07,2023-10-10 12:40:07,-13.745859008777302,143.91451630629965
434,2023-10-10,12:41:02,2023-10-10 12:41:02,-13.75779345511719,143.87653732750107
435,2023-10-10,12:42:05,2023-10-10 12:42:05,-13.74662873410821,143.85251244744697
436,2023-10-10,12:42:59,2023-10-10 12:42:59,-13.745680912100564,143.83184636357018
437,2023-10-10,12:45:07,2023-10-10 12:45:07,-13.751670424638776,143.7642278356458
438,2023-10-10,12:52:24,2023-10-10 12:52:24,-13.747429252994847,143.5318000687085
439,2023-10-10,13:16:20,2023-10-10 13:16:20,-13.670239232941968,143.83280698755482
440,2023-10-10,13:20:51,2023-10-10 13:20:51,-13.672908437358076,143.70760372771716
441,2023-10-11,07:03:47,2023-10-11 07:03:47,-13.632654527799184,143.81975369410833
442,2023-10-11,07:06:03,2023-10-11 07:06:03,-13.631799592341618,143.893850974513
443,2023-10-11,07:24:35,2023-10-11 07:24:35,-13.590747631094416,143.5556529639364
444,2023-10-11,07:27:25,2023-10-11 07:27:25,-13.532378111325572,143.57689867299013
445,2023-10-11,07:28:03,2023-10-11 07:28:03,-13.54571191114729,143.59065046575034
446,2023-10-11,07:34:15,2023-10-11 07:34:15,-13.549555854619626,143.77151127786163
447,2023-10-11,07:34:41,2023-10-11 07:34:41,-13.530791844493475,143.7741628567631
448,2023-10-11,07:34:57,2023-10-11 07:34:57,-13.54198769308349,143.7740770477024
449,2023-10-11,07:46:04,2023-10-11 07:46:04,-13.502254283183673,143.86867691975402
450,2023-10-11,07:47:12,2023-10-11 07:47:12,-13.498403176402839,143.8124625579138
451,2023-10-11,07:50:32,2023-10-11 07:50:32,-13.49541751627769,143.72294502579095
452,2023-10-11,07:50:40,2023-10-11 07:50:40,-13.504298417202786,143.73167199777563
453,2023-10-11,07:52:03,2023-10-11 07:52:03,-13.501044717246264,143.67867424899424
454,2023-10-11,07:52:30,2023-10-11 07:52:30,-13.496459897258598,143.68668160225195
455,2023-10-11,07:54:33,2023-10-11 07:54:33,-13.506022583029198,143.6005732628312
456,2023-10-11,08:01:24,2023-10-11 08:01:24,-13.467587849393016,143.6786897655373
457,2023-10-11,08:13:16,2023-10-11 08:13:16,-13.417671515256096,143.7114399731144
458,2023-10-11,08:15:23,2023-10-11 08:15:23,-13.417811850579024,143.67631942730642
459,2023-10-11,08:21:32,2023-10-11 08:21:32,-13.378003860440247,143.61453119195548
460,2023-10-11,08:22:36,2023-10-11 08:22:36,-13.377556090384958,143.65283844104303
461,2023-10-11,08:23:35,2023-10-11 08:23:35,-13.378289666149831,143.68316106566706
462,2023-10-11,08:24:59,2023-10-11 08:24:59,-13.377397383244205,143.72930904205063
463,2023-10-11,08:30:58,2023-10-11 08:30:58,-13.33307195461875,143.76765735286807
464,2023-10-11,08:35:15,2023-10-11 08:35:15,-13.338415433129729,143.64358006166478
465,2023-10-11,08:36:19,2023-10-11 08:36:19,-13.334207745165699,143.64115508287554
466,2023-10-11,08:36:41,2023-10-11 08:36:41,-13.344460915415784,143.62334335666478
467,2023-10-11,08:36:51,2023-10-11 08:36:51,-13.332594626065898,143.60596218635897
468,2023-10-11,08:37:17,2023-10-11 08:37:17,-13.332809088035178,143.60158123061603
469,2023-10-11,08:38:15,2023-10-11 08:38:15,-13.333004869191452,143.56153107168802
470,2023-10-11,08:38:18,2023-10-11 08:38:18,-13.336739707566114,143.55961986093897
471,2023-10-11,08:39:14,2023-10-11 08:39:14,-13.344892221091246,143.53578516879105
472,2023-10-11,08:44:31,2023-10-11 08:44:31,-13.282226169680971,143.5967729205713
473,2023-10-11,08:46:57,2023-10-11 08:46:57,-13.292097101536838,143.63834186420257
474,2023-10-11,08:55:03,2023-10-11 08:55:03,-13.248974112878019,143.70418531160237
475,2023-10-11,08:58:03,2023-10-11 08:58:03,-13.242588292566793,143.58324522517498
476,2023-10-11,13:02:29,2023-10-11 13:02:29,-13.208393628071645,143.53011158605668
477,2023-10-11,13:02:43,2023-10-11 13:02:43,-13.20337503505904,143.52033408148563
478,2023-10-11,13:11:19,2023-10-11 13:11:19,-13.164098880892356,143.66515064968704
479,2023-10-11,13:15:46,2023-10-11 13:15:46,-13.162036298076025,143.55744757631663
480,2023-10-11,13:15:54,2023-10-11 13:15:54,-13.157391528559005,143.5374800929233
481,2023-10-11,13:15:58,2023-10-11 13:15:58,-13.169435657395304,143.54521701661966
482,2023-10-11,13:16:41,2023-10-11 13:16:41,-13.170304828901807,143.51612317698266
483,2023-10-11,13:26:19,2023-10-11 13:26:19,-13.05263092509104,143.52897717763113
484,2023-10-11,13:26:59,2023-10-11 13:26:59,-13.046512449780797,143.52451496370566
485,2023-10-11,13:26:59,2023-10-11 13:26:59,-13.056131440249711,143.51394805984847
486,2023-10-11,13:27:02,2023-10-11 13:27:02,-13.052417654058257,143.51022289063377
487,2023-10-11,13:29:07,2023-10-11 13:29:07,-13.074747409177089,143.5169844603717
488,2023-10-11,13:29:19,2023-10-11 13:29:19,-13.079877147664925,143.52820138689097
489,2023-10-11,13:42:36,2023-10-11 13:42:36,-13.005895781560138,143.52332652996964
490,2023-10-11,13:45:46,2023-10-11 13:45:46,-12.948234326427077,143.50837345543692
491,2023-10-11,13:45:49,2023-10-11 13:45:49,-12.948190669708897,143.5396478012019
492,2023-10-11,13:46:05,2023-10-11 13:46:05,-12.95420390497114,143.5498307831377
493,2023-10-11,13:46:43,2023-10-11 13:46:43,-12.957295060950429,143.53519718292074
494,2023-10-11,13:54:09,2023-10-11 13:54:09,-12.865950516219007,143.53677303667513
495,2023-10-11,13:57:36,2023-10-11 13:57:36,-12.907473193822145,143.5458603520224
496,2023-10-11,13:58:01,2023-10-11 13:58:01,-12.908636550591714,143.56832191475434
497,2023-10-11,14:04:32,2023-10-11 14:04:32,-12.822328479106082,143.58396695724923
498,2023-10-11,14:06:29,2023-10-11 14:06:29,-12.83460531370373,143.53366801762562
499,2023-10-11,14:07:10,2023-10-11 14:07:10,-12.827662712403571,143.51289647899102
500,2023-10-11,14:07:19,2023-10-11 14:07:19,-12.82193097044818,143.527259875763
501,2023-10-11,14:07:26,2023-10-11 14:07:26,-12.827625682130877,143.48880759131825
502,2023-10-11,14:07:33,2023-10-11 14:07:33,-12.829975627909487,143.49013356254684
503,2023-10-11,14:08:07,2023-10-11 14:08:07,-12.841896872279385,143.50023834071672
504,2023-10-11,14:08:19,2023-10-11 14:08:19,-12.824126711417437,143.47811815685557
505,2023-10-11,14:13:56,2023-10-11 14:13:56,-12.795796842399449,143.3676549809645
506,2023-10-11,14:19:09,2023-10-11 14:19:09,-12.797025395486495,143.5113272298052
507,2023-10-11,14:24:56,2023-10-11 14:24:56,-12.744690717736189,143.5416964622745
508,2023-10-11,14:29:56,2023-10-11 14:29:56,-12.75707264430391,143.37731272173542
509,2023-10-11,14:39:56,2023-10-11 14:39:56,-12.622358668730335,143.42939392604163
510,2023-10-29,06:57:08,2023-10-29 06:57:08,-12.663033018380961,143.47810021333086
511,2023-10-29,07:05:31,2023-10-29 07:05:31,-12.583910643733741,143.47724823087952
512,2023-10-29,07:07:10,2023-10-29 07:07:10,-12.593810277023273,143.40918013558561
513,2023-10-29,07:08:26,2023-10-29 07:08:26,-12.579199879925962,143.37667598394188
514,2023-10-29,07:15:14,2023-10-29 07:15:14,-12.532065345715385,143.36451939731154
515,2023-10-29,07:25:31,2023-10-29 07:25:31,-12.4888603187566,143.25895024774488
516,2023-10-29,07:31:53,2023-10-29 07:31:53,-12.502669162100021,143.45578597420348
517,2023-10-29,07:34:24,2023-10-29 07:34:24,-12.506457300203536,143.49191293964412
518,2023-10-29,07:34:48,2023-10-29 07:34:48,-12.489855492795312,143.5323214166114
519,2023-10-29,07:43:43,2023-10-29 07:43:43,-12.415565691366734,143.50835876795475
520,2023-10-29,07:48:00,2023-10-29 07:48:00,-12.424954558051407,143.39976193471773
521,2023-10-29,08:08:56,2023-10-29 08:08:56,-12.323762449817695,143.388394767119
522,2023-10-29,08:09:20,2023-10-29 08:09:20,-12.341308501079673,143.3798378324601
523,2023-10-29,08:21:26,2023-10-29 08:21:26,-12.29772756879344,143.64715938666967
524,2023-10-29,08:22:32,2023-10-29 08:22:32,-12.295784553280743,143.60383505279947
525,2023-10-29,08:24:34,2023-10-29 08:24:34,-12.292782685864273,143.5518928658003
526,2023-10-29,08:31:53,2023-10-29 08:31:53,-12.295997704462678,143.34752133090987
527,2023-10-29,08:34:33,2023-10-29 08:34:33,-12.287722226879072,143.27256120499328
528,2023-10-29,08:36:27,2023-10-29 08:36:27,-12.296816660441081,143.2121519380753
529,2023-10-29,08:41:30,2023-10-29 08:41:30,-12.243761460670159,143.2339826136872
530,2023-10-29,08:41:57,2023-10-29 08:41:57,-12.242192089853612,143.24885016343282
531,2023-10-29,08:42:42,2023-10-29 08:42:42,-12.259285377475063,143.28418143411324
532,2023-10-29,08:45:05,2023-10-29 08:45:05,-12.24971885710036,143.35629364913328
533,2023-10-29,12:34:06,2023-10-29 12:34:06,-12.174502557486072,143.0840114512896
534,2023-10-29,12:47:09,2023-10-29 12:47:09,-12.077128236583752,143.134462044692
535,2023-10-29,12:47:42,2023-10-29 12:47:42,-12.076465412489744,143.15336383365263
536,2023-10-29,12:53:48,2023-10-29 12:53:48,-12.045506547706962,143.15772602314675
537,2023-10-29,12:56:17,2023-10-29 12:56:17,-11.995304507366454,143.18893177476426
538,2023-10-29,12:56:44,2023-10-29 12:56:44,-11.998605148253679,143.1858783928455
539,2023-10-29,12:58:52,2023-10-29 12:58:52,-11.993879569486735,143.26948359818692
540,2023-10-29,13:02:37,2023-10-29 13:02:37,-11.957429703318892,143.22091177529504
541,2023-10-29,13:03:56,2023-10-29 13:03:56,-11.956462675517939,143.15883403863631
542,2023-10-29,13:04:12,2023-10-29 13:04:12,-11.955195017048359,143.1698836847213
543,2023-10-30,09:43:44,2023-10-30 09:43:44,-11.537732986029582,143.18198957860776
544,2023-10-30,09:44:02,2023-10-30 09:44:02,-11.550563972573336,143.16936637211074
545,2023-10-30,09:49:31,2023-10-30 09:49:31,-11.549713497505154,142.99200497419926
546,2023-10-30,09:49:31,2023-10-30 09:49:31,-11.533509020922201,143.0008470105218
547,2023-10-30,09:49:46,2023-10-30 09:49:46,-11.543862653794875,143.01203582185767
548,2023-10-30,09:50:11,2023-10-30 09:50:11,-11.534599293737577,142.99553762034108
549,2023-10-30,09:50:40,2023-10-30 09:50:40,-11.552321686687696,142.9636019069846
550,2023-10-30,09:51:02,2023-10-30 09:51:02,-11.535586714861768,142.96713575676137
551,2023-10-30,09:54:52,2023-10-30 09:54:52,-11.54684365835027,142.8496472220801
552,2023-10-30,09:56:04,2023-10-30 09:56:04,-11.528960929769442,142.82986273661257
553,2023-10-30,10:07:04,2023-10-30 10:07:04,-11.450402001072673,143.03804768384302
554,2023-10-30,10:11:26,2023-10-30 10:11:26,-11.450477658749728,143.12059600427108
555,2023-10-30,10:11:40,2023-10-30 10:11:40,-11.464171773053325,143.13317104765233
556,2023-10-30,10:17:32,2023-10-30 10:17:32,-11.365939507845523,143.1262624535376
557,2023-10-30,10:18:23,2023-10-30 10:18:23,-11.375678279474107,143.11106086864288
558,2023-10-30,10:20:27,2023-10-30 10:20:27,-11.370548665090311,143.03539494886036
559,2023-10-30,10:24:23,2023-10-30 10:24:23,-11.369688388004002,142.92434273696483
560,2023-10-30,10:41:29,2023-10-30 10:41:29,-11.296367878060167,143.04125578773775
561,2023-10-30,11:13:31,2023-10-30 11:13:31,-11.122256347314476,143.04403792115968
562,2023-10-30,11:27:43,2023-10-30 11:27:43,-11.036112259851906,142.7543201529724
563,2023-10-30,11:28:23,2023-10-30 11:28:23,-11.040311997520579,142.72804737754961
564,2023-10-31,08:24:08,2023-10-31 08:24:08,-12.172583999943408,143.40343813008786
565,2023-10-31,08:24:12,2023-10-31 08:24:12,-12.158716844504513,143.38012953185677
566,2023-10-31,08:24:38,2023-10-31 08:24:38,-12.162212167076655,143.41620254459372
567,2023-10-31,08:33:58,2023-10-31 08:33:58,-12.126188185409342,143.54613431664774
568,2023-10-31,08:38:03,2023-10-31 08:38:03,-12.119601620936828,143.40308537260665
569,2023-10-31,08:38:09,2023-10-31 08:38:09,-12.123645360815546,143.39712096556468
570,2023-10-31,08:38:45,2023-10-31 08:38:45,-12.122985791770386,143.37741412523945
571,2023-10-31,08:42:56,2023-10-31 08:42:56,-12.120044097398292,143.27943563740195
572,2023-10-31,08:43:58,2023-10-31 08:43:58,-12.120820907753025,143.23324137822055
573,2023-10-31,08:51:37,2023-10-31 08:51:37,-12.083286672436145,143.353618959736
574,2023-10-31,08:52:27,2023-10-31 08:52:27,-12.075077140520424,143.36755524574207
575,2023-10-31,08:52:32,2023-10-31 08:52:32,-12.09273816529539,143.3753327121041
576,2023-10-31,08:55:58,2023-10-31 08:55:58,-12.088437643958336,143.49600444842477
577,2023-10-31,09:01:56,2023-10-31 09:01:56,-12.03172686492189,143.5380515471905
578,2023-10-31,09:03:46,2023-10-31 09:03:46,-12.048136441192899,143.48853943168396
579,2023-10-31,09:18:55,2023-10-31 09:18:55,-11.99525203029994,143.37255952770997
580,2023-10-31,09:21:44,2023-10-31 09:21:44,-11.990354328684841,143.43562794618938
581,2023-10-31,09:27:42,2023-10-31 09:27:42,-11.960643623575681,143.53915401511892
582,2023-10-31,09:50:45,2023-10-31 09:50:45,-11.910885877091816,143.47629699433466
583,2023-10-31,09:51:10,2023-10-31 09:51:10,-11.91321599519758,143.48325558289218
584,2023-10-31,09:54:54,2023-10-31 09:54:54,-11.87058994266592,143.50211019074246
585,2023-10-31,09:59:04,2023-10-31 09:59:04,-11.872449669791902,143.3859809452851
586,2023-10-31,10:01:12,2023-10-31 10:01:12,-11.869248584476038,143.319061592873
587,2023-10-31,10:01:30,2023-10-31 10:01:30,-11.887029658656774,143.3048869367654
588,2023-10-31,10:02:39,2023-10-31 10:02:39,-11.87419253680486,143.27174218888982
589,2023-10-31,10:09:11,2023-10-31 10:09:11,-11.878883737563676,143.08501138798914
590,2023-11-01,07:06:02,2023-11-01 07:06:02,-11.835475211892721,143.29617474925064
591,2023-11-01,07:06:29,2023-11-01 07:06:29,-11.8331016921456,143.28854456928346
592,2023-11-01,07:07:11,2023-11-01 07:07:11,-11.829522265390564,143.3191882438131
593,2023-11-01,07:07:34,2023-11-01 07:07:34,-11.824619536266441,143.34228418668937
594,2023-11-01,07:13:19,2023-11-01 07:13:19,-11.832318509525562,143.48148956579365
595,2023-11-01,07:18:55,2023-11-01 07:18:55,-11.79910275957608,143.45610347022867
596,2023-11-01,07:21:16,2023-11-01 07:21:16,-11.791453262143376,143.3969389486456
597,2023-11-01,07:24:11,2023-11-01 07:24:11,-11.79090515935698,143.29351670703397
598,2023-11-01,07:25:11,2023-11-01 07:25:11,-11.787256599746097,143.27745720900793
599,2023-11-01,07:30:32,2023-11-01 07:30:32,-11.791152503995681,143.08581343069372
600,2023-11-01,07:40:18,2023-11-01 07:40:18,-11.717339324217507,142.85105764276847
601,2023-11-01,07:51:55,2023-11-01 07:51:55,-11.71371404067715,143.19102926033773
602,2023-11-01,07:58:40,2023-11-01 07:58:40,-11.701989949393129,143.37627402200707
603,2023-11-01,07:59:25,2023-11-01 07:59:25,-11.708244500850256,143.4112775092518
604,2023-11-01,08:03:03,2023-11-01 08:03:03,-11.703127009009393,143.50278312720516
605,2023-11-01,08:12:33,2023-11-01 08:12:33,-11.624928795086728,143.57987207371153
606,2023-11-01,08:12:48,2023-11-01 08:12:48,-11.623015572508253,143.5483687728405
607,2023-11-01,08:12:51,2023-11-01 08:12:51,-11.632097788343842,143.5747089455086
608,2023-11-01,08:21:05,2023-11-01 08:21:05,-11.616074975202771,143.31150203052414
609,2023-11-01,08:29:03,2023-11-01 08:29:03,-11.627455929322368,143.08243375388727
610,2023-11-01,11:14:24,2023-11-01 11:14:24,-11.92761623326679,142.97240132526025
611,2023-11-01,11:16:34,2023-11-01 11:16:34,-11.925883478527796,143.03339709962165
612,2023-11-01,11:19:35,2023-11-01 11:19:35,-11.917334787623217,143.07291395808244
613,2023-11-01,11:22:45,2023-11-01 11:22:45,-11.925071260107476,142.97506594975957
614,2023-11-01,11:25:43,2023-11-01 11:25:43,-11.893709309874229,142.94117982970542
615,2023-11-01,11:32:19,2023-11-01 11:32:19,-11.898473859384627,143.10474306965568
616,2023-11-01,11:37:55,2023-11-01 11:37:55,-11.884682334180367,142.9254556310629
617,2023-11-01,12:00:44,2023-11-01 12:00:44,-11.870594568058275,143.0034396293099
618,2023-11-01,12:05:04,2023-11-01 12:05:04,-11.865498835208337,142.88183476915353
619,2023-11-01,12:07:21,2023-11-01 12:07:21,-11.84966930025507,142.89006593967883
620,2023-11-01,12:17:37,2023-11-01 12:17:37,-11.83720625792213,143.05621203341747
621,2023-11-01,12:23:31,2023-11-01 12:23:31,-11.844510521278456,142.8855813440829
622,2023-11-01,12:27:50,2023-11-01 12:27:50,-11.827796831171518,142.90046143333785
623,2023-11-01,12:32:52,2023-11-01 12:32:52,-11.827170608238582,143.05850894587172
624,2023-11-01,12:42:38,2023-11-01 12:42:38,-11.805878812887503,142.8858490451319
625,2023-11-01,12:44:20,2023-11-01 12:44:20,-11.797168878951858,142.84657345925567
626,2023-11-01,12:44:23,2023-11-01 12:44:23,-11.80038998308816,142.83327694522802
627,2023-11-01,12:47:01,2023-11-01 12:47:01,-11.799648655779473,142.89416616972974
628,2023-11-01,12:56:48,2023-11-01 12:56:48,-11.785118563049632,143.0463655942799
629,2023-11-01,13:00:19,2023-11-01 13:00:19,-11.786646665600244,142.93053529423162
630,2023-11-01,13:35:14,2023-11-01 13:35:14,-11.748102742401644,142.81787839536298
631,2023-11-02,09:46:30,2023-11-02 09:46:30,-12.324082118657227,143.10255553290867
632,2023-11-02,09:47:36,2023-11-02 09:47:36,-12.342448580257916,143.13845122367098
633,2023-11-02,09:50:11,2023-11-02 09:50:11,-12.327211114641576,143.17725046707747
634,2023-11-02,09:57:04,2023-11-02 09:57:04,-12.29873175659065,143.07023898940707
635,2023-11-02,09:58:51,2023-11-02 09:58:51,-12.315736163616938,143.13608347205218
636,2023-11-02,10:15:04,2023-11-02 10:15:04,-12.269898728531066,143.11357441911122
637,2023-11-02,10:18:58,2023-11-02 10:18:58,-12.242225124354208,143.11344967496694
638,2023-11-02,10:20:23,2023-11-02 10:20:23,-12.251276052688693,143.14335825180882
639,2023-11-02,10:24:02,2023-11-02 10:24:02,-12.236953010474844,143.1871873813239
640,2023-11-02,10:26:04,2023-11-02 10:26:04,-12.242521654326117,143.12905077600905
641,2023-11-02,10:26:17,2023-11-02 10:26:17,-12.22871273205671,143.12462700148623
642,2023-11-02,10:26:44,2023-11-02 10:26:44,-12.231222544905595,143.12321284205575
643,2023-11-02,10:29:03,2023-11-02 10:29:03,-12.216395954344206,143.08308251271902
644,2023-11-02,10:29:11,2023-11-02 10:29:11,-12.229613178170554,143.11199906254262
645,2023-11-02,10:36:56,2023-11-02 10:36:56,-12.199017184616727,143.10003448340314
646,2023-11-02,10:37:10,2023-11-02 10:37:10,-12.208538451645081,143.09179567263195
